environment,ruby,yjit,layer,case,operations_per_second,avg_ms,p50_ms,p95_ms,rows_per_operation,bytes_per_operation,calls,rows,bytes
jarvis-container,3.4.6,off,MiniSql,latest_page,3343.733834866627,0.2988823780040078,0.28290500631555915,0.37076103035360575,30.0,3141.2981039535857,33438,1003140,105038726
jarvis-container,3.4.6,off,MiniSql,topic_header,13683.355968329664,0.07284028809919733,0.07683795411139727,0.08588802302256227,1.0,75.59895932297529,136834,136834,10344508
jarvis-container,3.4.6,off,MiniSql,post_stream,11948.9983486519,0.083479498865616,0.0774250365793705,0.10718399425968528,6.866207496798922,1754.8204467282055,119491,820450,209685250
jarvis-container,3.4.6,off,MiniSql,user_card,11270.158956366335,0.0884805991758949,0.08155597606673837,0.11205498594790697,1.0,58.41068481482139,112702,112702,6583001
jarvis-container,3.4.6,off,MiniSql,category_counts,174.70649910828072,5.723437066761366,5.683456023689359,5.925342033151537,20.0,530.0,1748,34960,926440
jarvis-container,3.4.6,off,MiniSql,temp_write_event,55384.84695232494,0.017905196748504947,0.016673991922289133,0.01812702976167202,1.0,14.888651961094089,553849,553849,8246065
jarvis-container,3.4.6,off,MiniSql,temp_readback,51939.401486409864,0.019117760545350523,0.018093036487698555,0.01956196501851082,1.0,2.0,519395,519395,1038790
jarvis-container,3.4.6,off,ActiveRecord,latest_page,1122.9694680317525,0.8900164457980149,0.8473769994452596,1.0854610009118915,30.0,3140.9445235975068,11230,336900,35272807
jarvis-container,3.4.6,off,ActiveRecord,topic_header,4468.98385246237,0.22340183557892038,0.18841202836483717,0.32892002491280437,1.0,75.61511266250476,44691,44691,3379315
jarvis-container,3.4.6,off,ActiveRecord,post_stream,3931.022662237703,0.2540341511650487,0.23700098972767591,0.36899500992149115,6.867314492126885,1756.031746839307,39311,269961,69031364
jarvis-container,3.4.6,off,ActiveRecord,user_card,4638.078128952702,0.2152441901220054,0.193147046957165,0.32781000481918454,1.0,58.41069811564831,46382,46382,2709205
jarvis-container,3.4.6,off,ActiveRecord,category_counts,167.18210990957783,5.980962409525631,5.959400034043938,6.151081994175911,20.0,530.0,1672,33440,886160
jarvis-container,3.4.6,off,ActiveRecord,temp_write_event,6861.991448312564,0.14538186683412965,0.12613798025995493,0.18445000750944018,1.0,14.88763078895981,68622,68622,1021619
jarvis-container,3.4.6,off,ActiveRecord,temp_readback,15074.353284591984,0.06607360657629831,0.0604590168222785,0.08748599793761969,1.0,2.0,150744,150744,301488
jarvis-container,3.4.6,off,Sequel,latest_page,2083.359871576087,0.4797017417602785,0.44379400787875056,0.7032380090095103,30.0,3201.2429682250167,20834,625020,66694696
jarvis-container,3.4.6,off,Sequel,topic_header,14910.364814482316,0.06689580416321457,0.06126298103481531,0.08403498213738203,1.0,75.5993668848589,149104,149104,11272168
jarvis-container,3.4.6,off,Sequel,post_stream,7257.914771787084,0.13747465516781637,0.12909603537991643,0.20152301294729114,6.866450812896114,1768.4846927528245,72580,498367,128356619
jarvis-container,3.4.6,off,Sequel,user_card,11127.243387937058,0.08963186541654923,0.08171598892658949,0.1296849804930389,1.0,60.41020732792322,111273,111273,6722025
jarvis-container,3.4.6,off,Sequel,category_counts,171.99577359916873,5.81360543992771,5.809691967442632,5.99092902848497,20.0,530.0,1720,34400,911600
jarvis-container,3.4.6,off,Sequel,temp_write_event,29011.634201686767,0.03422228498998974,0.03515603020787239,0.039794016629457474,1.0,14.888872420437272,290117,290117,4319515
jarvis-container,3.4.6,off,Sequel,temp_readback,26152.985071829433,0.03802195419339812,0.03394403029233217,0.045043008867651224,1.0,2.0,261530,261530,523060
jarvis-container,3.4.6,on,MiniSql,latest_page,3524.496198131057,0.28348500875344984,0.266265997197479,0.3487319918349385,30.0,3141.2898567172647,35245,1057350,110714761
jarvis-container,3.4.6,on,MiniSql,topic_header,15295.618714474595,0.06520294060068035,0.06078096339479089,0.07579999510198832,1.0,75.6002079015671,152957,152957,11563581
jarvis-container,3.4.6,on,MiniSql,post_stream,11590.687045048466,0.08592390725581724,0.08323596557602286,0.10082998778671026,6.865763068667121,1754.68998421148,115907,795790,203380852
jarvis-container,3.4.6,on,MiniSql,user_card,11966.777312196637,0.08332891326196665,0.07845601066946983,0.10287499753758311,1.0,58.41127118360798,119668,119668,6989960
jarvis-container,3.4.6,on,MiniSql,category_counts,176.74823625729928,5.657223980516676,5.630072031635791,5.8312800247222185,20.0,530.0,1768,35360,937040
jarvis-container,3.4.6,on,MiniSql,temp_write_event,58219.523569518795,0.017033447013856232,0.015455007087439299,0.01721299486234784,1.0,14.888709300647891,582196,582196,8668147
jarvis-container,3.4.6,on,MiniSql,temp_readback,52466.61809434351,0.018924017341719678,0.017735001165419817,0.019877974409610033,1.0,2.0,524667,524667,1049334
jarvis-container,3.4.6,on,ActiveRecord,latest_page,1634.538570280865,0.6113049697220826,0.5687610246241093,0.8059170213527977,30.0,3141.1415636853053,16346,490380,51345100
jarvis-container,3.4.6,on,ActiveRecord,topic_header,6799.681602802853,0.14670368573689083,0.10461901547387242,0.2247910015285015,1.0,75.60364427842404,67997,67997,5140821
jarvis-container,3.4.6,on,ActiveRecord,post_stream,7224.817481779044,0.13820007351196825,0.12806704035028815,0.21079496946185827,6.865534471065343,1754.5712881839195,72249,496028,126766021
jarvis-container,3.4.6,on,ActiveRecord,user_card,6737.671604772747,0.14810929285204066,0.11838402133435011,0.2379220095463097,1.0,58.41025869361948,67377,67377,3935508
jarvis-container,3.4.6,on,ActiveRecord,category_counts,168.69106613853663,5.9274272469372535,5.906394973862916,6.131937960162759,20.0,530.0,1687,33740,894110
jarvis-container,3.4.6,on,ActiveRecord,temp_write_event,14091.770479156547,0.07067657276350013,0.07591000758111477,0.08806702680885792,1.0,14.888452859109552,140918,140918,2098051
jarvis-container,3.4.6,on,ActiveRecord,temp_readback,24750.19201486794,0.04021124715232492,0.04084297688677907,0.047475972678512335,1.0,2.0,247503,247503,495006
jarvis-container,3.4.6,on,Sequel,latest_page,2266.530133755792,0.4409110036330465,0.39781397208571434,0.6443529855459929,30.0,3201.266787258449,22666,679980,72559913
jarvis-container,3.4.6,on,Sequel,topic_header,15993.218276266538,0.06234742074945577,0.057720986660569906,0.0717989751137793,1.0,75.59984493506656,159933,159933,12090910
jarvis-container,3.4.6,on,Sequel,post_stream,9236.920859900421,0.10806213497545474,0.09883299935609102,0.17118395771831274,6.866742448847028,1768.732467251272,92370,634281,163377818
jarvis-container,3.4.6,on,Sequel,user_card,12135.267459293882,0.08220778381658239,0.07439701585099101,0.11242600157856941,1.0,60.41062025660676,121353,121353,7331010
jarvis-container,3.4.6,on,Sequel,category_counts,177.1598108186878,5.6438458222871155,5.6277510011568666,5.771069962065667,20.0,530.0,1772,35440,939160
jarvis-container,3.4.6,on,Sequel,temp_write_event,45068.07872786226,0.022040346471503342,0.019625003915280104,0.023638014681637287,1.0,14.888901462453488,450681,450681,6710145
jarvis-container,3.4.6,on,Sequel,temp_readback,35498.783315354616,0.02802200906295948,0.024829001631587744,0.029943999834358692,1.0,2.0,354989,354989,709978
jarvis-container,4.0.5,off,MiniSql,latest_page,3393.5985044546405,0.29446298974211976,0.2812840393744409,0.3565289662219584,30.0,3141.2917845355964,33936,1018080,106602878
jarvis-container,4.0.5,off,MiniSql,topic_header,13751.266849829522,0.07250458702946028,0.06650801515206695,0.08646398782730103,1.0,75.59918698595769,137513,137513,10395871
jarvis-container,4.0.5,off,MiniSql,post_stream,10970.25521509266,0.09089863495333875,0.0911140232346952,0.10659400140866637,6.865728375705314,1754.6618506330728,109703,753191,192491669
jarvis-container,4.0.5,off,MiniSql,user_card,11605.034896947247,0.08597671261720759,0.08003099355846643,0.11118600377812982,1.0,58.411301927600796,116051,116051,6778690
jarvis-container,4.0.5,off,MiniSql,category_counts,175.58565189591616,5.694877349362912,5.663610994815826,5.87388698477298,20.0,530.0,1756,35120,930680
jarvis-container,4.0.5,off,MiniSql,temp_write_event,59250.87704614581,0.016731962475908125,0.015628989785909653,0.01767999492585659,1.0,14.888710551232133,592509,592509,8821695
jarvis-container,4.0.5,off,MiniSql,temp_readback,53090.05587682143,0.01869846866386226,0.017977028619498014,0.02002698602154851,1.0,2.0,530901,530901,1061802
jarvis-container,4.0.5,off,ActiveRecord,latest_page,1089.2974424331364,0.9174996879664665,0.9461299632675946,1.1167200282216072,30.0,3140.931699256403,10893,326790,34214169
jarvis-container,4.0.5,off,ActiveRecord,topic_header,4069.5002793341414,0.24534320564846882,0.19368401262909174,0.3329989849589765,1.0,75.61836544132102,40696,40696,3077365
jarvis-container,4.0.5,off,ActiveRecord,post_stream,4096.422607949257,0.24378438980274159,0.22755702957510948,0.3200009814463556,6.863859392164042,1754.6996460393018,40965,281178,71881271
jarvis-container,4.0.5,off,ActiveRecord,user_card,4766.969231587563,0.20944946434168887,0.1935139880515635,0.3270460292696953,1.0,58.41095028319698,47670,47670,2784450
jarvis-container,4.0.5,off,ActiveRecord,category_counts,163.93246798746807,6.099531414213011,6.0784119996242225,6.265796022489667,20.0,530.0,1640,32800,869200
jarvis-container,4.0.5,off,ActiveRecord,temp_write_event,7497.69825151298,0.13307817112121692,0.12217095354571939,0.1764170010574162,1.0,14.887498832975446,74977,74977,1116220
jarvis-container,4.0.5,off,ActiveRecord,temp_readback,14760.753742727624,0.06748898571027488,0.06009102798998356,0.08955196244642138,1.0,2.0,147608,147608,295216
jarvis-container,4.0.5,off,Sequel,latest_page,2066.517666013416,0.4835418678666821,0.44337299186736345,0.5732130375690758,30.0,3201.219636117294,20666,619980,66156405
jarvis-container,4.0.5,off,Sequel,topic_header,14575.948089206691,0.06843530201645386,0.061717990320175886,0.08511100895702839,1.0,75.59882683863886,145760,145760,11019285
jarvis-container,4.0.5,off,Sequel,post_stream,7662.194671628342,0.1302260532968512,0.1258940319530666,0.17355201998725533,6.866371716064367,1768.5472247236469,76623,526122,135511394
jarvis-container,4.0.5,off,Sequel,user_card,11819.74362104482,0.08441011864814119,0.08173100650310516,0.0943439663387835,1.0,60.41143674173844,118198,118198,7140511
jarvis-container,4.0.5,off,Sequel,category_counts,175.06105399202536,5.71196620518247,5.675903987139463,5.903001001570374,20.0,530.0,1751,35020,928030
jarvis-container,4.0.5,off,Sequel,temp_write_event,33631.54573553801,0.02951831619132232,0.02741499338299036,0.03568799002096057,1.0,14.889086454405975,336316,336316,5007438
jarvis-container,4.0.5,off,Sequel,temp_readback,26773.05671599065,0.03713111695222753,0.0340089900419116,0.04563899710774422,1.0,2.0,267731,267731,535462
jarvis-container,4.0.5,on,MiniSql,latest_page,3229.4985489891637,0.30905869056215907,0.3135550068691373,0.3429740318097174,30.0,3141.2649945812045,32295,968850,101447153
jarvis-container,4.0.5,on,MiniSql,topic_header,14780.916214366518,0.06744656325931618,0.06330304313451052,0.07852702401578426,1.0,75.5986536770178,147810,147810,11174237
jarvis-container,4.0.5,on,MiniSql,post_stream,12756.57561195937,0.07816379095143315,0.07593299960717559,0.09213999146595597,6.865990938024239,1754.6249078908172,127566,875867,223830481
jarvis-container,4.0.5,on,MiniSql,user_card,12219.369561588928,0.08164242172998955,0.07742497837170959,0.10154896881431341,1.0,58.41042931731509,122194,122194,7137404
jarvis-container,4.0.5,on,MiniSql,category_counts,175.5778965163042,5.694932540368707,5.67038799636066,5.874736001715064,20.0,530.0,1756,35120,930680
jarvis-container,4.0.5,on,MiniSql,temp_write_event,61962.359780423736,0.01599784258624578,0.014864024706184864,0.016601989045739174,1.0,14.888626005448465,619624,619624,9225350
jarvis-container,4.0.5,on,MiniSql,temp_readback,53471.19306271319,0.01855469071204946,0.017749029211699963,0.019714003428816795,1.0,2.0,534713,534713,1069426
jarvis-container,4.0.5,on,ActiveRecord,latest_page,1823.3812459777748,0.548046698750584,0.5207320209592581,0.7229560287669301,30.0,3141.0937260063615,18234,547020,57274703
jarvis-container,4.0.5,on,ActiveRecord,topic_header,7928.883473044209,0.1258506202583191,0.10022800415754318,0.21244498202577233,1.0,75.60107959489967,79289,79289,5994334
jarvis-container,4.0.5,on,ActiveRecord,post_stream,6922.2282365764395,0.14419873574490427,0.12477999553084373,0.23852800950407982,6.866056079626714,1754.711656530344,69223,475289,121466405
jarvis-container,4.0.5,on,ActiveRecord,user_card,7265.53654207536,0.13737769499638006,0.11439103400334716,0.229495984967798,1.0,58.41189991191368,72656,72656,4243975
jarvis-container,4.0.5,on,ActiveRecord,category_counts,167.95822242430125,5.953224441015793,5.923886958044022,6.12524600001052,20.0,530.0,1680,33600,890400
jarvis-container,4.0.5,on,ActiveRecord,temp_write_event,17828.641980300512,0.05591911954716692,0.051732989959418774,0.07439398905262351,1.0,14.888589745747026,178287,178287,2654442
jarvis-container,4.0.5,on,ActiveRecord,temp_readback,28549.38720984361,0.03484288504068338,0.029561982955783606,0.04251499194651842,1.0,2.0,285494,285494,570988
jarvis-container,4.0.5,on,Sequel,latest_page,2470.891214749865,0.40453405244869345,0.38788304664194584,0.5136759718880057,30.0,3201.2905014367234,24709,741270,79100687
jarvis-container,4.0.5,on,Sequel,topic_header,16574.877100156806,0.06018490631753406,0.05809997674077749,0.06821798160672188,1.0,75.60035354662773,165749,165749,12530683
jarvis-container,4.0.5,on,Sequel,post_stream,8851.594088891343,0.1127007810611479,0.1088170101866126,0.14395499601960182,6.866906921834224,1768.5647841657535,88517,607838,156548049
jarvis-container,4.0.5,on,Sequel,user_card,11968.088072097296,0.0833424855585317,0.07598596857860684,0.113735964987427,1.0,60.41128991828345,119682,119682,7230144
jarvis-container,4.0.5,on,Sequel,category_counts,174.68195641935512,5.724069110635491,5.6873520370572805,5.905506026465446,20.0,530.0,1747,34940,925910
jarvis-container,4.0.5,on,Sequel,temp_write_event,48966.4398104385,0.02027152790844842,0.018618011381477118,0.022092019207775593,1.0,14.888928144752024,489665,489665,7290587
jarvis-container,4.0.5,on,Sequel,temp_readback,35884.21516973779,0.027668648628341817,0.027214002329856157,0.029005983378738165,1.0,2.0,358843,358843,717686
